{
    "name": "Sumativa",
    "short_name": "Sum",
    "start_url": "index.html",
    "display": "standalone",
    "background_color":"",
    "theme_color": "",
    "orientation": "portrait-prymary",
    "icons": [
        {
            "src": "assets/img/favicon-16x16.png",
            "type": "img/png", "sizes": "16x16"
        },
        {
            "src": "assets/img/favicon-32x32.png",
            "type": "img/png", "sizes": "32x32"
        },
        {
            "src": "assets/img/favicon-192x192.png",
            "type": "img/png", "sizes": "192x192"
        },
        {
            "src": "assets/img/favicon-512x512.png",
            "type": "img/png", "sizes": "512x512"
        }
    ]


}